cond,seed,axis,factor,progress
nominal,0,jump,0.7,0.1360464285714284
nominal,0,jump,0.725,0.13742063492063475
nominal,0,jump,0.75,0.1387948412698411
nominal,0,jump,0.7749999999999999,0.14016904761904744
nominal,0,jump,0.7999999999999999,0.14016904761904744
nominal,0,jump,0.825,0.26522182539682504
nominal,0,jump,0.85,0.26659603174603136
nominal,0,jump,0.875,0.6376317460317503
nominal,0,jump,0.9,0.6376317460317503
nominal,0,jump,0.925,0.6390059523809567
nominal,0,jump,0.95,0.6403801587301631
nominal,0,jump,0.9750000000000001,0.6403801587301631
nominal,0,jump,1.0,1.0
nominal,0,jump,1.025,1.0
nominal,0,jump,1.05,1.0
nominal,0,jump,1.075,1.0
nominal,0,jump,1.1,1.0
nominal,0,jump,1.125,1.0
nominal,0,jump,1.15,1.0
nominal,0,jump,1.175,0.44249444444444375
nominal,0,jump,1.2000000000000002,0.4466170634920628
nominal,0,jump,1.225,0.40951349206349147
nominal,0,jump,1.25,0.4108876984126978
nominal,0,jump,1.275,0.4493654761904755
nominal,0,jump,1.3,0.4493654761904755
nominal,1,jump,0.7,0.13329801587301573
nominal,1,jump,0.725,0.13467222222222205
nominal,1,jump,0.75,0.1360464285714284
nominal,1,jump,0.7749999999999999,0.13742063492063475
nominal,1,jump,0.7999999999999999,0.13742063492063475
nominal,1,jump,0.825,0.1387948412698411
nominal,1,jump,0.85,0.14016904761904744
nominal,1,jump,0.875,0.26659603174603136
nominal,1,jump,0.9,0.26659603174603136
nominal,1,jump,0.925,0.42188134920634857
nominal,1,jump,0.95,0.42188134920634857
nominal,1,jump,0.9750000000000001,1.0
nominal,1,jump,1.0,1.0
nominal,1,jump,1.025,1.0
nominal,1,jump,1.05,1.0
nominal,1,jump,1.075,1.0
nominal,1,jump,1.1,1.0
nominal,1,jump,1.125,1.0
nominal,1,jump,1.15,1.0
nominal,1,jump,1.175,0.44249444444444375
nominal,1,jump,1.2000000000000002,0.13054960317460304
nominal,1,jump,1.225,0.4466170634920628
nominal,1,jump,1.25,0.44799126984126914
nominal,1,jump,1.275,0.4493654761904755
nominal,1,jump,1.3,0.4493654761904755
nominal,2,jump,0.7,0.13742063492063475
nominal,2,jump,0.725,0.1387948412698411
nominal,2,jump,0.75,0.14016904761904744
nominal,2,jump,0.7749999999999999,0.2638476190476187
nominal,2,jump,0.7999999999999999,0.2638476190476187
nominal,2,jump,0.825,0.26522182539682504
nominal,2,jump,0.85,0.26659603174603136
nominal,2,jump,0.875,0.6747353174603232
nominal,2,jump,0.9,0.6747353174603232
nominal,2,jump,0.925,0.8052849206349315
nominal,2,jump,0.95,1.0
nominal,2,jump,0.9750000000000001,1.0
nominal,2,jump,1.0,1.0
nominal,2,jump,1.025,1.0
nominal,2,jump,1.05,1.0
nominal,2,jump,1.075,1.0
nominal,2,jump,1.1,1.0
nominal,2,jump,1.125,0.44249444444444375
nominal,2,jump,1.15,0.4067650793650788
nominal,2,jump,1.175,0.4081392857142851
nominal,2,jump,1.2000000000000002,0.40951349206349147
nominal,2,jump,1.225,0.24873134920634885
nominal,2,jump,1.25,0.24873134920634885
nominal,2,jump,1.275,0.24873134920634885
nominal,2,jump,1.3,0.24873134920634885
nominal,3,jump,0.7,0.1360464285714284
nominal,3,jump,0.725,0.13742063492063475
nominal,3,jump,0.75,0.1387948412698411
nominal,3,jump,0.7749999999999999,0.14016904761904744
nominal,3,jump,0.7999999999999999,0.14016904761904744
nominal,3,jump,0.825,0.26247341269841235
nominal,3,jump,0.85,0.2638476190476187
nominal,3,jump,0.875,0.26522182539682504
nominal,3,jump,0.9,0.26522182539682504
nominal,3,jump,0.925,0.26659603174603136
nominal,3,jump,0.95,0.9385829365079527
nominal,3,jump,0.9750000000000001,0.939957142857159
nominal,3,jump,1.0,1.0
nominal,3,jump,1.025,1.0
nominal,3,jump,1.05,1.0
nominal,3,jump,1.075,0.9962996031746215
nominal,3,jump,1.1,0.9990480158730344
nominal,3,jump,1.125,1.0
nominal,3,jump,1.15,1.0
nominal,3,jump,1.175,0.44249444444444375
nominal,3,jump,1.2000000000000002,0.4438686507936501
nominal,3,jump,1.225,0.4466170634920628
nominal,3,jump,1.25,0.44799126984126914
nominal,3,jump,1.275,0.4493654761904755
nominal,3,jump,1.3,0.4493654761904755
nominal,4,jump,0.7,0.1360464285714284
nominal,4,jump,0.725,0.13742063492063475
nominal,4,jump,0.75,0.1387948412698411
nominal,4,jump,0.7749999999999999,0.14016904761904744
nominal,4,jump,0.7999999999999999,0.14016904761904744
nominal,4,jump,0.825,0.2638476190476187
nominal,4,jump,0.85,0.26522182539682504
nominal,4,jump,0.875,0.26659603174603136
nominal,4,jump,0.9,0.26659603174603136
nominal,4,jump,0.925,0.6747353174603232
nominal,4,jump,0.95,1.0
nominal,4,jump,0.9750000000000001,1.0
nominal,4,jump,1.0,1.0
nominal,4,jump,1.025,1.0
nominal,4,jump,1.05,1.0
nominal,4,jump,1.075,1.0
nominal,4,jump,1.1,1.0
nominal,4,jump,1.125,1.0
nominal,4,jump,1.15,0.44249444444444375
nominal,4,jump,1.175,0.4438686507936501
nominal,4,jump,1.2000000000000002,0.44524285714285644
nominal,4,jump,1.225,0.44799126984126914
nominal,4,jump,1.25,0.4067650793650788
nominal,4,jump,1.275,0.4067650793650788
nominal,4,jump,1.3,0.4067650793650788
dr,0,jump,0.7,0.26247341269841235
dr,0,jump,0.725,0.2638476190476187
dr,0,jump,0.75,0.26522182539682504
dr,0,jump,0.7749999999999999,0.26659603174603136
dr,0,jump,0.7999999999999999,0.26659603174603136
dr,0,jump,0.825,0.42188134920634857
dr,0,jump,0.85,1.0
dr,0,jump,0.875,1.0
dr,0,jump,0.9,1.0
dr,0,jump,0.925,1.0
dr,0,jump,0.95,1.0
dr,0,jump,0.9750000000000001,1.0
dr,0,jump,1.0,1.0
dr,0,jump,1.025,1.0
dr,0,jump,1.05,1.0
dr,0,jump,1.075,1.0
dr,0,jump,1.1,1.0
dr,0,jump,1.125,1.0
dr,0,jump,1.15,0.44249444444444375
dr,0,jump,1.175,0.4438686507936501
dr,0,jump,1.2000000000000002,0.44524285714285644
dr,0,jump,1.225,0.44799126984126914
dr,0,jump,1.25,0.4067650793650788
dr,0,jump,1.275,0.4067650793650788
dr,0,jump,1.3,0.4067650793650788
dr,1,jump,0.7,0.24873134920634885
dr,1,jump,0.725,0.26522182539682504
dr,1,jump,0.75,0.26659603174603136
dr,1,jump,0.7749999999999999,0.38615198412698354
dr,1,jump,0.7999999999999999,0.38615198412698354
dr,1,jump,0.825,0.3875261904761899
dr,1,jump,0.85,0.38890039682539623
dr,1,jump,0.875,0.42188134920634857
dr,1,jump,0.9,0.42188134920634857
dr,1,jump,0.925,0.6403801587301631
dr,1,jump,0.95,1.0
dr,1,jump,0.9750000000000001,1.0
dr,1,jump,1.0,1.0
dr,1,jump,1.025,1.0
dr,1,jump,1.05,1.0
dr,1,jump,1.075,1.0
dr,1,jump,1.1,1.0
dr,1,jump,1.125,1.0
dr,1,jump,1.15,1.0
dr,1,jump,1.175,0.4411202380952374
dr,1,jump,1.2000000000000002,0.44249444444444375
dr,1,jump,1.225,0.44524285714285644
dr,1,jump,1.25,0.4466170634920628
dr,1,jump,1.275,0.44799126984126914
dr,1,jump,1.3,0.44799126984126914
dr,2,jump,0.7,0.24873134920634885
dr,2,jump,0.725,0.26522182539682504
dr,2,jump,0.75,0.26659603174603136
dr,2,jump,0.7749999999999999,0.3875261904761899
dr,2,jump,0.7999999999999999,0.3875261904761899
dr,2,jump,0.825,0.38890039682539623
dr,2,jump,0.85,0.6747353174603232
dr,2,jump,0.875,0.6747353174603232
dr,2,jump,0.9,0.6747353174603232
dr,2,jump,0.925,1.0
dr,2,jump,0.95,1.0
dr,2,jump,0.9750000000000001,1.0
dr,2,jump,1.0,1.0
dr,2,jump,1.025,1.0
dr,2,jump,1.05,1.0
dr,2,jump,1.075,1.0
dr,2,jump,1.1,1.0
dr,2,jump,1.125,1.0
dr,2,jump,1.15,1.0
dr,2,jump,1.175,0.44249444444444375
dr,2,jump,1.2000000000000002,0.4067650793650788
dr,2,jump,1.225,0.4466170634920628
dr,2,jump,1.25,0.44799126984126914
dr,2,jump,1.275,0.4493654761904755
dr,2,jump,1.3,0.4493654761904755
dr,3,jump,0.7,0.24873134920634885
dr,3,jump,0.725,0.26522182539682504
dr,3,jump,0.75,0.26659603174603136
dr,3,jump,0.7749999999999999,0.3875261904761899
dr,3,jump,0.7999999999999999,0.3875261904761899
dr,3,jump,0.825,0.38890039682539623
dr,3,jump,0.85,0.42188134920634857
dr,3,jump,0.875,0.42188134920634857
dr,3,jump,0.9,0.42188134920634857
dr,3,jump,0.925,1.0
dr,3,jump,0.95,1.0
dr,3,jump,0.9750000000000001,1.0
dr,3,jump,1.0,1.0
dr,3,jump,1.025,1.0
dr,3,jump,1.05,1.0
dr,3,jump,1.075,1.0
dr,3,jump,1.1,1.0
dr,3,jump,1.125,1.0
dr,3,jump,1.15,1.0
dr,3,jump,1.175,0.44249444444444375
dr,3,jump,1.2000000000000002,0.4438686507936501
dr,3,jump,1.225,0.4466170634920628
dr,3,jump,1.25,0.44799126984126914
dr,3,jump,1.275,0.4493654761904755
dr,3,jump,1.3,0.4493654761904755
dr,4,jump,0.7,0.261099206349206
dr,4,jump,0.725,0.26247341269841235
dr,4,jump,0.75,0.2638476190476187
dr,4,jump,0.7749999999999999,0.26522182539682504
dr,4,jump,0.7999999999999999,0.26522182539682504
dr,4,jump,0.825,0.26659603174603136
dr,4,jump,0.85,1.0
dr,4,jump,0.875,1.0
dr,4,jump,0.9,1.0
dr,4,jump,0.925,1.0
dr,4,jump,0.95,1.0
dr,4,jump,0.9750000000000001,1.0
dr,4,jump,1.0,1.0
dr,4,jump,1.025,1.0
dr,4,jump,1.05,1.0
dr,4,jump,1.075,1.0
dr,4,jump,1.1,1.0
dr,4,jump,1.125,1.0
dr,4,jump,1.15,0.44249444444444375
dr,4,jump,1.175,0.4438686507936501
dr,4,jump,1.2000000000000002,0.44524285714285644
dr,4,jump,1.225,0.44799126984126914
dr,4,jump,1.25,0.4067650793650788
dr,4,jump,1.275,0.4067650793650788
dr,4,jump,1.3,0.4067650793650788
nominal,0,speed,0.7,0.13851999999999978
nominal,0,speed,0.725,0.1394819444444446
nominal,0,speed,0.75,0.14016904761904755
nominal,0,speed,0.7749999999999999,0.26518747023809613
nominal,0,speed,0.7999999999999999,0.2660463492063488
nominal,0,speed,0.825,0.38999976190476005
nominal,0,speed,0.85,0.42167521825396703
nominal,0,speed,0.875,0.6384906249999933
nominal,0,speed,0.9,0.6394182142857161
nominal,0,speed,0.925,0.6393838591269833
nominal,0,speed,0.95,0.674941448412696
nominal,0,speed,0.9750000000000001,0.675284999999995
nominal,0,speed,1.0,1.0
nominal,0,speed,1.025,1.0
nominal,0,speed,1.05,1.0
nominal,0,speed,1.075,1.0
nominal,0,speed,1.1,1.0
nominal,0,speed,1.125,1.0
nominal,0,speed,1.15,1.0
nominal,0,speed,1.175,1.0
nominal,0,speed,1.2000000000000002,0.4468919047619041
nominal,0,speed,1.225,0.4073834722222207
nominal,0,speed,1.25,0.44661706349206226
nominal,0,speed,1.275,0.12965636904761915
nominal,0,speed,1.3,0.13041218253968237
nominal,1,speed,0.7,0.13563416666666644
nominal,1,speed,0.725,0.13649304563492082
nominal,1,speed,0.75,0.13707708333333324
nominal,1,speed,0.7749999999999999,0.13738627976190504
nominal,1,speed,0.7999999999999999,0.13851999999999978
nominal,1,speed,0.825,0.13944758928571438
nominal,1,speed,0.85,0.14016904761904755
nominal,1,speed,0.875,0.2669395833333338
nominal,1,speed,0.9,0.2671457142857142
nominal,1,speed,0.925,0.42074762896825574
nominal,1,speed,0.95,1.0
nominal,1,speed,0.9750000000000001,1.0
nominal,1,speed,1.0,1.0
nominal,1,speed,1.025,1.0
nominal,1,speed,1.05,1.0
nominal,1,speed,1.075,1.0
nominal,1,speed,1.1,0.9311622222222332
nominal,1,speed,1.125,1.0
nominal,1,speed,1.15,1.0
nominal,1,speed,1.175,0.24866263888888931
nominal,1,speed,1.2000000000000002,0.44359380952380884
nominal,1,speed,1.225,0.129622013888889
nominal,1,speed,1.25,0.44661706349206226
nominal,1,speed,1.275,0.44854095238095004
nominal,1,speed,1.3,0.45019000000000237
nominal,2,speed,0.7,0.14044388888888867
nominal,2,speed,0.725,0.26302309523809453
nominal,2,speed,0.75,0.26384761904762044
nominal,2,speed,0.7749999999999999,0.26518747023809613
nominal,2,speed,0.7999999999999999,0.2660463492063488
nominal,2,speed,0.825,0.26642425595238006
nominal,2,speed,0.85,0.6751475793650746
nominal,2,speed,0.875,0.6757659722222148
nominal,2,speed,0.9,0.6752850000000009
nominal,2,speed,0.925,0.9419153869047522
nominal,2,speed,0.95,0.8041855555555487
nominal,2,speed,0.9750000000000001,1.0
nominal,2,speed,1.0,1.0
nominal,2,speed,1.025,0.8042886210317535
nominal,2,speed,1.05,1.0
nominal,2,speed,1.075,1.0
nominal,2,speed,1.1,0.8041855555555644
nominal,2,speed,1.125,1.0
nominal,2,speed,1.15,0.4440747817460339
nominal,2,speed,1.175,0.40690250000000083
nominal,2,speed,1.2000000000000002,0.13027476190476175
nominal,2,speed,1.225,0.129622013888889
nominal,2,speed,1.25,0.13054960317460307
nominal,2,speed,1.275,0.41349869047618865
nominal,2,speed,1.3,0.3769448015873029
nominal,3,speed,0.7,0.13851999999999978
nominal,3,speed,0.725,0.1394819444444446
nominal,3,speed,0.75,0.14016904761904755
nominal,3,speed,0.7749999999999999,0.26199244047619136
nominal,3,speed,0.7999999999999999,0.2627482539682536
nominal,3,speed,0.825,0.26415681547618963
nominal,3,speed,0.85,0.6751475793650746
nominal,3,speed,0.875,0.26573715277777826
nominal,3,speed,0.9,0.26590892857142845
nominal,3,speed,0.925,0.2669395833333328
nominal,3,speed,0.95,0.9386516468253854
nominal,3,speed,0.9750000000000001,0.9419153869047466
nominal,3,speed,1.0,1.0
nominal,3,speed,1.025,1.0
nominal,3,speed,1.05,1.0
nominal,3,speed,1.075,1.0
nominal,3,speed,1.1,0.9991854365079487
nominal,3,speed,1.125,1.0
nominal,3,speed,1.15,1.0
nominal,3,speed,1.175,0.24866263888888931
nominal,3,speed,1.2000000000000002,0.13027476190476175
nominal,3,speed,1.225,0.4444183333333316
nominal,3,speed,1.25,0.44661706349206226
nominal,3,speed,1.275,0.44854095238095004
nominal,3,speed,1.3,0.45019000000000237
nominal,4,speed,0.7,0.13851999999999978
nominal,4,speed,0.725,0.1394819444444446
nominal,4,speed,0.75,0.14016904761904755
nominal,4,speed,0.7749999999999999,0.2641224603174612
nominal,4,speed,0.7999999999999999,0.2649469841269837
nominal,4,speed,0.825,0.26529053571428485
nominal,4,speed,0.85,0.2663211904761914
nominal,4,speed,0.875,0.2669395833333338
nominal,4,speed,0.9,0.2671457142857142
nominal,4,speed,0.925,0.6749758035714267
nominal,4,speed,0.95,1.0
nominal,4,speed,0.9750000000000001,1.0
nominal,4,speed,1.0,1.0
nominal,4,speed,1.025,1.0
nominal,4,speed,1.05,1.0
nominal,4,speed,1.075,1.0
nominal,4,speed,1.1,1.0
nominal,4,speed,1.125,1.0
nominal,4,speed,1.15,1.0
nominal,4,speed,1.175,0.44404042658730253
nominal,4,speed,1.2000000000000002,0.44524285714285644
nominal,4,speed,1.225,0.4477851388888871
nominal,4,speed,1.25,0.4483348214285702
nominal,4,speed,1.275,0.45029306547618814
nominal,4,speed,1.3,0.4073147619047637
dr,0,speed,0.7,0.26549666666666655
dr,0,speed,0.725,0.26700829365079304
dr,0,speed,0.75,0.2669395833333348
dr,0,speed,0.7749999999999999,0.38979363095238245
dr,0,speed,0.7999999999999999,1.0
dr,0,speed,0.825,1.0
dr,0,speed,0.85,1.0
dr,0,speed,0.875,1.0
dr,0,speed,0.9,1.0
dr,0,speed,0.925,1.0
dr,0,speed,0.95,1.0
dr,0,speed,0.9750000000000001,1.0
dr,0,speed,1.0,1.0
dr,0,speed,1.025,1.0
dr,0,speed,1.05,1.0
dr,0,speed,1.075,1.0
dr,0,speed,1.1,1.0
dr,0,speed,1.125,1.0
dr,0,speed,1.15,0.9323990079365134
dr,0,speed,1.175,0.44404042658730253
dr,0,speed,1.2000000000000002,0.44524285714285644
dr,0,speed,1.225,0.44610173611110937
dr,0,speed,1.25,0.4483348214285702
dr,0,speed,1.275,0.45029306547618814
dr,0,speed,1.3,0.4073147619047637
dr,1,speed,0.7,0.266458611111111
dr,1,speed,0.725,0.26700829365079304
dr,1,speed,0.75,0.3864955357142886
dr,1,speed,0.7749999999999999,0.3876636111111126
dr,1,speed,0.7999999999999999,0.3880758730158724
dr,1,speed,0.825,0.3888660416666648
dr,1,speed,0.85,0.42167521825396703
dr,1,speed,0.875,0.6396930555555488
dr,1,speed,0.9,1.0
dr,1,speed,0.925,1.0
dr,1,speed,0.95,1.0
dr,1,speed,0.9750000000000001,1.0
dr,1,speed,1.0,1.0
dr,1,speed,1.025,1.0
dr,1,speed,1.05,1.0
dr,1,speed,1.075,1.0
dr,1,speed,1.1,1.0
dr,1,speed,1.125,1.0
dr,1,speed,1.15,1.0
dr,1,speed,1.175,1.0
dr,1,speed,1.2000000000000002,1.0
dr,1,speed,1.225,0.4444183333333316
dr,1,speed,1.25,0.44661706349206226
dr,1,speed,1.275,0.446788839285712
dr,1,speed,1.3,0.4484035317460341
dr,2,speed,0.7,0.2674205555555555
dr,2,speed,0.725,0.3865642460317477
dr,2,speed,0.75,0.38752619047619336
dr,2,speed,0.7749999999999999,0.38872862103174755
dr,2,speed,0.7999999999999999,0.38917523809523746
dr,2,speed,0.825,0.38999976190476005
dr,2,speed,0.85,0.6751475793650746
dr,2,speed,0.875,0.6757659722222148
dr,2,speed,0.9,1.0
dr,2,speed,0.925,1.0
dr,2,speed,0.95,1.0
dr,2,speed,0.9750000000000001,1.0
dr,2,speed,1.0,1.0
dr,2,speed,1.025,1.0
dr,2,speed,1.05,1.0
dr,2,speed,1.075,1.0
dr,2,speed,1.1,1.0
dr,2,speed,1.125,1.0
dr,2,speed,1.15,1.0
dr,2,speed,1.175,0.44404042658730253
dr,2,speed,1.2000000000000002,0.4073147619047613
dr,2,speed,1.225,0.4444183333333316
dr,2,speed,1.25,0.44661706349206226
dr,2,speed,1.275,0.44854095238095004
dr,2,speed,1.3,0.45019000000000237
dr,3,speed,0.7,0.266458611111111
dr,3,speed,0.725,0.26700829365079304
dr,3,speed,0.75,0.38752619047619336
dr,3,speed,0.7749999999999999,0.38872862103174755
dr,3,speed,0.7999999999999999,0.38917523809523746
dr,3,speed,0.825,0.38999976190476005
dr,3,speed,0.85,0.42167521825396703
dr,3,speed,0.875,0.9415031249999875
dr,3,speed,0.9,0.9411939285714229
dr,3,speed,0.925,1.0
dr,3,speed,0.95,1.0
dr,3,speed,0.9750000000000001,1.0
dr,3,speed,1.0,1.0
dr,3,speed,1.025,1.0
dr,3,speed,1.05,1.0
dr,3,speed,1.075,1.0
dr,3,speed,1.1,1.0
dr,3,speed,1.125,1.0
dr,3,speed,1.15,1.0
dr,3,speed,1.175,1.0
dr,3,speed,1.2000000000000002,0.44359380952380884
dr,3,speed,1.225,0.4444183333333316
dr,3,speed,1.25,0.44661706349206226
dr,3,speed,1.275,0.44854095238095004
dr,3,speed,1.3,0.45019000000000237
dr,4,speed,0.7,0.2645347222222221
dr,4,speed,0.725,0.2650156944444438
dr,4,speed,0.75,0.26590892857143
dr,4,speed,0.7749999999999999,0.267317490079366
dr,4,speed,0.7999999999999999,0.2671457142857139
dr,4,speed,0.825,1.0
dr,4,speed,0.85,1.0
dr,4,speed,0.875,1.0
dr,4,speed,0.9,1.0
dr,4,speed,0.925,1.0
dr,4,speed,0.95,1.0
dr,4,speed,0.9750000000000001,1.0
dr,4,speed,1.0,1.0
dr,4,speed,1.025,1.0
dr,4,speed,1.05,1.0
dr,4,speed,1.075,1.0
dr,4,speed,1.1,1.0
dr,4,speed,1.125,1.0
dr,4,speed,1.15,0.6748040277777815
dr,4,speed,1.175,0.44404042658730253
dr,4,speed,1.2000000000000002,0.44524285714285644
dr,4,speed,1.225,0.44610173611110937
dr,4,speed,1.25,0.4483348214285702
dr,4,speed,1.275,0.45029306547618814
dr,4,speed,1.3,0.4073147619047637
